{
    "perfsig.out": [
        [
            100,
            0.00586726
        ],
        [
            200,
            0.0229872
        ],
        [
            300,
            0.0342247
        ],
        [
            400,
            0.0442253
        ],
        [
            500,
            0.0546058
        ],
        [
            600,
            0.0655678
        ],
        [
            700,
            0.0761037
        ],
        [
            800,
            0.0870948
        ],
        [
            900,
            0.0982387
        ],
        [
            1000,
            0.107401
        ],
        [
            1100,
            0.121708
        ],
        [
            1200,
            0.128539
        ],
        [
            1300,
            0.140011
        ],
        [
            1400,
            0.164785
        ],
        [
            1500,
            0.170888
        ],
        [
            1600,
            0.177925
        ],
        [
            1700,
            0.183602
        ],
        [
            1800,
            0.199076
        ],
        [
            1900,
            0.206513
        ],
        [
            2000,
            0.219877
        ],
        [
            2500,
            0.284606
        ],
        [
            3000,
            0.329888
        ],
        [
            3500,
            0.385915
        ],
        [
            4000,
            0.460043
        ],
        [
            4500,
            0.518132
        ],
        [
            5000,
            0.573165
        ],
        [
            5500,
            0.624117
        ],
        [
            6000,
            0.705779
        ],
        [
            6500,
            0.75587
        ],
        [
            7000,
            0.826469
        ],
        [
            7500,
            0.885854
        ],
        [
            8000,
            0.959477
        ],
        [
            8500,
            1.03691
        ],
        [
            9000,
            1.08463
        ],
        [
            9500,
            1.14299
        ]
    ],
    "shared_perfsig.out": [
        [
            100,
            0.0163322
        ],
        [
            200,
            0.0341819
        ],
        [
            300,
            0.0536726
        ],
        [
            400,
            0.0688525
        ],
        [
            500,
            0.0871405
        ],
        [
            600,
            0.108549
        ],
        [
            700,
            0.125201
        ],
        [
            800,
            0.141141
        ],
        [
            900,
            0.174498
        ],
        [
            1000,
            0.201534
        ],
        [
            1100,
            0.219164
        ],
        [
            1200,
            0.236121
        ],
        [
            1300,
            0.261594
        ],
        [
            1400,
            0.273939
        ],
        [
            1500,
            0.294529
        ],
        [
            1600,
            0.314281
        ],
        [
            1700,
            0.335796
        ],
        [
            1800,
            0.361497
        ],
        [
            1900,
            0.375069
        ],
        [
            2000,
            0.392372
        ],
        [
            2500,
            0.491353
        ],
        [
            3000,
            0.592142
        ],
        [
            3500,
            0.71356
        ],
        [
            4000,
            0.790405
        ],
        [
            4500,
            0.895824
        ],
        [
            5000,
            0.976915
        ],
        [
            5500,
            1.16987
        ],
        [
            6000,
            1.18396
        ],
        [
            6500,
            1.31022
        ],
        [
            7000,
            1.36615
        ],
        [
            7500,
            1.3882
        ],
        [
            8000,
            1.46128
        ],
        [
            8500,
            1.63593
        ],
        [
            9000,
            1.87998
        ],
        [
            9500,
            2.0718
        ]
    ],
    "thrust_perfsig.out": [
        [
            100,
            0.0211923
        ],
        [
            200,
            0.0440719
        ],
        [
            300,
            0.80777
        ],
        [
            400,
            1.08347
        ],
        [
            500,
            1.35096
        ],
        [
            600,
            1.63241
        ],
        [
            700,
            1.90646
        ],
        [
            800,
            2.17169
        ],
        [
            900,
            2.50116
        ],
        [
            1000,
            2.75077
        ],
        [
            1100,
            3.01332
        ],
        [
            1200,
            3.28904
        ],
        [
            1300,
            3.53875
        ],
        [
            1400,
            3.80242
        ],
        [
            1500,
            4.14764
        ],
        [
            1600,
            4.34046
        ],
        [
            1700,
            4.62143
        ],
        [
            1800,
            4.84302
        ],
        [
            1900,
            5.17723
        ],
        [
            2000,
            5.43647
        ],
        [
            2500,
            7.23833
        ],
        [
            3000,
            8.8662
        ],
        [
            3500,
            9.76664
        ],
        [
            4000,
            11.5943
        ],
        [
            4500,
            13.7172
        ],
        [
            5000,
            14.4099
        ],
        [
            5500,
            15.877
        ],
        [
            6000,
            17.1762
        ],
        [
            6500,
            18.8681
        ],
        [
            7000,
            20.1972
        ],
        [
            7500,
            21.3873
        ],
        [
            8000,
            22.8339
        ],
        [
            8500,
            24.1948
        ],
        [
            9000,
            26.2084
        ],
        [
            9500,
            28.553
        ]
    ]
}