{
    "descent.o": [
        [
            100,
            [
                6.176,
                167.684
            ]
        ],
        [
            600,
            [
                8.704,
                439.079
            ]
        ],
        [
            1100,
            [
                13.824,
                961.4519999999999
            ]
        ],
        [
            1600,
            [
                15.264,
                1108.05
            ]
        ],
        [
            2000,
            [
                12.512,
                1229.835
            ]
        ],
        [
            3000,
            [
                14.304,
                1525.7730000000001
            ]
        ],
        [
            4000,
            [
                15.872,
                1802.7990000000002
            ]
        ],
        [
            5000,
            [
                16.736,
                2133.784
            ]
        ],
        [
            6000,
            [
                24.513,
                2481.1499999999996
            ]
        ],
        [
            7000,
            [
                43.681,
                2887.693
            ]
        ],
        [
            8000,
            [
                50.113,
                3287.62
            ]
        ],
        [
            9000,
            [
                56.128,
                3794.98
            ]
        ]
    ],
    "native.o": [
        [
            100,
            [
                5.376,
                59.393
            ]
        ],
        [
            600,
            [
                8.096,
                147.233
            ]
        ],
        [
            1100,
            [
                11.712,
                207.009
            ]
        ],
        [
            1600,
            [
                12.448,
                255.93900000000002
            ]
        ],
        [
            2000,
            [
                13.312,
                288.324
            ]
        ],
        [
            3000,
            [
                15.424,
                370.97799999999995
            ]
        ],
        [
            4000,
            [
                17.28,
                449.38100000000003
            ]
        ],
        [
            5000,
            [
                18.72,
                640.008
            ]
        ],
        [
            6000,
            [
                21.184,
                875.853
            ]
        ],
        [
            7000,
            [
                42.561,
                1116.7829999999997
            ]
        ],
        [
            8000,
            [
                49.345,
                1375.058
            ]
        ],
        [
            9000,
            [
                54.656,
                1452.628
            ]
        ]
    ],
    "nc-shared-descent.o": [
        [
            100,
            [
                5.28,
                77.153
            ]
        ],
        [
            600,
            [
                8.448,
                176.928
            ]
        ],
        [
            1100,
            [
                13.728,
                266.086
            ]
        ],
        [
            1600,
            [
                14.241,
                312.57899999999995
            ]
        ],
        [
            2000,
            [
                15.232,
                351.07699999999994
            ]
        ],
        [
            3000,
            [
                17.792,
                508.6460000000001
            ]
        ],
        [
            4000,
            [
                24.288,
                622.088
            ]
        ],
        [
            5000,
            [
                30.016,
                802.4789999999999
            ]
        ],
        [
            6000,
            [
                36.384,
                1074.798
            ]
        ],
        [
            7000,
            [
                51.617,
                1411.9239999999998
            ]
        ],
        [
            8000,
            [
                56.097,
                1499.6399999999999
            ]
        ],
        [
            9000,
            [
                66.881,
                1880.6030000000003
            ]
        ]
    ],
    "shared-descent.o": [
        [
            100,
            [
                5.376,
                74.75400000000002
            ]
        ],
        [
            600,
            [
                7.904,
                168.49099999999996
            ]
        ],
        [
            1100,
            [
                10.304,
                251.652
            ]
        ],
        [
            1600,
            [
                11.04,
                306.757
            ]
        ],
        [
            2000,
            [
                11.84,
                344.649
            ]
        ],
        [
            3000,
            [
                13.376,
                503.682
            ]
        ],
        [
            4000,
            [
                15.136,
                609.736
            ]
        ],
        [
            5000,
            [
                23.329,
                837.7679999999998
            ]
        ],
        [
            6000,
            [
                22.88,
                978.9909999999999
            ]
        ],
        [
            7000,
            [
                41.793,
                1348.2849999999999
            ]
        ],
        [
            8000,
            [
                48.385,
                1575.03
            ]
        ],
        [
            9000,
            [
                54.4,
                1883.805
            ]
        ]
    ]
}